Extract.Date,LA.Code,LA.Name,Breakdown.Field,Breakdown.Value,Patient.Count,pop18,children18,adults16plus18,over65_18,mean_age_18,pct_over65_18,LAD17NM,RGN11CD,RGN11NM,cat_pct_over65_18,Shielders_pct,avgscore_imd,avgscore_health,pctdep_IMD,pctdep_health,avgscore_income,pctdep_income,rank_imd,decile_imd,rank_health,decile_health,rank_income,decile_income
30/07/2020,E08000012,Liverpool,ALL,ALL,46975,494814,85776,409038,72608,37.599265582623,14.6764194222476,Liverpool,E12000002,North West,15% or less,9.49346623175577,42.412,1.347,48.66,65.77,0.235,44.63,3,1,3,1,4,1
30/07/2020,E08000014,Sefton,ALL,ALL,22600,275396,47909,227487,64032,43.676716437421,23.2541921451292,Sefton,E12000002,North West,20-25%,8.20636465308138,27.035,0.75,20.11,29.1,0.162,21.16,58,2,29,1,55,2
30/07/2020,E09000018,Hounslow,ALL,ALL,21490,270782,59329,211453,32606,36.3105967161776,12.0440531497662,Hounslow,E12000007,London,15% or less,7.93627345983116,21.487,-0.27,0.7,0,0.129,1.41,122,4,182,6,111,4
30/07/2020,E08000013,St. Helens,ALL,ALL,12915,180049,33030,147019,36788,41.6225583035729,20.4326444467895,St. Helens,E12000002,North West,20-25%,7.17304733711379,31.518,1.069,24.37,42.02,0.182,22.69,26,1,8,1,34,2
30/07/2020,E07000027,Barrow-in-Furness,ALL,ALL,4700,67137,11763,55374,14454,42.4907279145628,21.5319778959441,Barrow-in-Furness,E12000002,North West,20-25%,7.00061069157097,31.117,1.251,24.49,53.06,0.159,18.37,31,1,4,1,58,2
30/07/2020,E07000171,Bassetlaw,ALL,ALL,7550,116839,20836,96003,25512,42.8489631030735,21.8357842843571,Bassetlaw,E12000004,East Midlands,20-25%,6.46188344645196,22.588,0.419,7.14,11.43,0.122,4.29,106,4,68,3,129,5
30/07/2020,E08000011,Knowsley,ALL,ALL,9300,149571,30146,119425,25513,39.6554345427924,17.0596191775144,Knowsley,E12000002,North West,15-20%,6.21778285897667,43.006,1.381,46.94,61.22,0.251,46.94,2,1,2,1,2,1
30/07/2020,E09000009,Ealing,ALL,ALL,20740,341982,74144,267838,43741,36.9313326432385,12.7903503693177,Ealing,E12000007,London,15% or less,6.0646466773105,22.71,-0.326,2.04,0,0.14,6.63,105,4,189,6,94,3
30/07/2020,E06000034,Thurrock,ALL,ALL,9950,172525,39859,132666,23788,36.9584466019417,13.787240110129,Thurrock,E12000006,East of England,15% or less,5.76728010433271,20.928,-0.234,4.08,0,0.13,5.1,128,5,173,6,108,4
30/07/2020,E08000001,Bolton,ALL,ALL,15910,285372,60911,224461,49120,38.9694118554028,17.2090958468245,Bolton,E12000002,North West,15-20%,5.57517906451929,30.691,0.589,23.73,19.21,0.186,27.68,34,2,50,2,29,1
30/07/2020,E07000073,Harlow,ALL,ALL,4825,86594,19408,67186,13285,38.0249439915006,15.3467434233319,Harlow,E12000006,East of England,15-20%,5.57197958288103,21.413,0.203,0,0,0.134,0,124,4,97,4,102,4
30/07/2020,E07000075,Rochford,ALL,ALL,4840,86981,14951,72030,20026,43.4820363067796,23.0205493153677,Rochford,E12000006,East of England,20-25%,5.56443361193824,10.449,-0.953,0,0,0.073,1.89,284,9,285,9,254,9
30/07/2020,E08000016,Barnsley,ALL,ALL,13430,245199,45710,199489,47287,41.2010611788792,19.2815333667756,Barnsley,E12000003,Yorkshire and The Humber,15-20%,5.47718383843327,29.933,0.839,21.77,34.69,0.169,18.37,38,2,22,1,43,2
30/07/2020,E08000035,Leeds,ALL,ALL,43045,789194,152358,636836,122414,37.5770976464596,15.5102637627757,Leeds,E12000003,Yorkshire and The Humber,15-20%,5.4542989429722,27.301,0.415,23.65,17.43,0.143,18.05,55,2,69,3,86,3
30/07/2020,E08000017,Doncaster,ALL,ALL,16810,310542,59794,250748,58810,40.7518338904238,18.936347096367,Doncaster,E12000003,Yorkshire and The Humber,15-20%,5.41311642225528,30.289,0.665,23.71,20.1,0.166,16.49,37,2,39,2,48,2
30/07/2020,E06000057,Northumberland,ALL,ALL,16990,320274,52355,267919,77725,44.6269194502208,24.2669454904238,Northumberland,E12000001,North East,20-25%,5.30483273696897,22.079,0.189,11.68,8.63,0.126,10.66,116,4,100,4,115,4
30/07/2020,E06000042,Milton Keynes,ALL,ALL,14165,268607,62045,206562,37032,37.2675246735938,13.7861407185963,Milton Keynes,E12000008,South East,15% or less,5.27350366892896,17.98,-0.158,5.26,2.63,0.111,5.26,165,6,161,6,148,5
30/07/2020,E07000163,Craven,ALL,ALL,2980,56832,8968,47864,15199,46.1661563907658,26.7538358671171,Craven,E12000003,Yorkshire and The Humber,25% or more,5.24352477477478,12.76,-0.532,0,0,0.067,0,245,8,220,7,274,9
30/07/2020,E09000005,Brent,ALL,ALL,17280,330795,70424,260371,39992,36.313632310041,12.0898039571336,Brent,E12000007,London,15% or less,5.22377907767651,25.558,-0.453,5.78,0,0.155,8.67,79,3,207,7,65,3
30/07/2020,E07000224,Arun,ALL,ALL,8215,159827,25758,134069,45866,46.1557559110789,28.6933891019665,Arun,E12000008,South East,25% or more,5.13993255207193,18.638,0.128,4.26,5.32,0.104,1.06,156,5,108,4,172,6
30/07/2020,E07000076,Tendring,ALL,ALL,7435,145803,24114,121689,43069,46.286941969644,29.5359430190051,Tendring,E12000006,East of England,25% or more,5.09934637833241,30.484,0.693,17.98,16.85,0.173,14.61,36,2,34,2,40,2
30/07/2020,E08000002,Bury,ALL,ALL,9635,190108,38825,151283,34658,39.9839827887306,18.2312490794706,Bury,E12000002,North West,15-20%,5.06817177604309,23.682,0.308,10,10.83,0.145,10,95,3,84,3,83,3
,W06000019,Blaenau Gwent,ALL,,3515,69713,12189,57524,13932,41.6324358441037,19.9945232596503,Blaenau Gwent,W92000004,Wales,15-20%,5.04210118629237,,,,,,,,,,,,
30/07/2020,E09000017,Hillingdon,ALL,ALL,15250,304824,66554,238270,40634,36.7282005353909,13.3337119124478,Hillingdon,E12000007,London,15% or less,5.00288691179172,18.223,-0.379,0,0,0.114,0.62,159,5,193,7,142,5
30/07/2020,E06000002,Middlesbrough,ALL,ALL,7000,140545,29363,111182,22767,38.0675086271301,16.1979536803159,Middlesbrough,E12000001,North East,15-20%,4.98061119214487,40.46,1.194,48.84,56.98,0.251,50,5,1,6,1,1,1
30/07/2020,E07000149,South Norfolk,ALL,ALL,6835,138017,24917,113100,33105,43.7280842215089,23.9906786845099,South Norfolk,E12000006,East of England,20-25%,4.95228848620098,13.318,-0.625,0,0,0.078,0,235,8,244,8,240,8
30/07/2020,E06000005,Darlington,ALL,ALL,5235,106566,20180,86386,21588,41.6605014732654,20.2596165756433,Darlington,E12000001,North East,20-25%,4.91244862338832,25.657,0.532,18.46,24.62,0.153,18.46,77,3,57,2,69,3
30/07/2020,E07000147,North Norfolk,ALL,ALL,5135,104552,14545,90007,34313,48.9422679623537,32.8214907414492,North Norfolk,E12000006,East of England,25% or more,4.91143163210651,21.058,-0.021,0,1.61,0.106,0,127,4,133,5,169,6
30/07/2020,E07000156,Wellingborough,ALL,ALL,3895,79478,16517,62961,15246,40.5431565967941,19.1816011978158,Wellingborough,E12000004,East Midlands,15-20%,4.90072724527542,21.676,0.14,6.38,2.13,0.126,8.51,120,4,106,4,117,4
30/07/2020,E07000128,Wyre,ALL,ALL,5435,111223,17607,93616,30553,45.9012794116325,27.4752425307715,Wyre,E12000002,North West,25% or more,4.88657921473077,20.858,0.427,14.49,17.39,0.125,14.49,129,5,66,3,121,4
30/07/2020,E06000047,County Durham,ALL,ALL,25740,526980,90833,436147,108590,41.8986052601617,20.6087299328248,County Durham,E12000001,North East,20-25%,4.88443584196744,26.793,0.71,12.04,25.31,0.165,12.65,62,2,32,1,49,2
,W06000004,Denbighshire,ALL,,4645,95330,17271,78059,22959,43.5142032938215,24.0836651631176,Denbighshire,W92000004,Wales,20-25%,4.8725479911885,,,,,,,,,,,,
30/07/2020,E06000006,Halton,ALL,ALL,6225,128432,25728,102704,23256,40.1536221502429,18.103280335119,Halton,E12000002,North West,15-20%,4.84692288526224,32.325,0.93,31.65,45.57,0.185,29.11,23,1,14,1,30,1
30/07/2020,E06000001,Hartlepool,ALL,ALL,4500,93242,17893,75349,17959,40.9183522446966,19.2634971364836,Hartlepool,E12000001,North East,15-20%,4.82615130520581,35.037,0.869,36.21,36.21,0.228,37.93,10,1,16,1,5,1
30/07/2020,E07000197,Stafford,ALL,ALL,6550,135880,23148,112732,30271,43.0907786282014,22.2813747424198,Stafford,E12000005,West Midlands,20-25%,4.82042979099205,13.678,-0.216,0,2.5,0.078,1.25,230,8,172,6,239,8
,W06000024,Merthyr Tydfil,ALL,,2885,60183,11553,48630,11224,40.4031038665404,18.657311865477,Merthyr Tydfil,W92000004,Wales,15-20%,4.79371251017729,,,,,,,,,,,,
30/07/2020,E08000032,Bradford,ALL,ALL,25675,537173,127595,409578,79463,37.0026062367245,14.7935346713256,Bradford,E12000003,Yorkshire and The Humber,15% or less,4.77965199293338,34.666,0.632,33.55,18.06,0.189,28.06,13,1,45,2,27,1
30/07/2020,E07000144,Broadland,ALL,ALL,6175,129464,21243,108221,33204,45.0795201754928,25.6482234443552,Broadland,E12000006,East of England,25% or more,4.76966569857258,11.817,-0.533,0,0,0.072,0,264,9,221,7,261,9
30/07/2020,E06000009,Blackpool,ALL,ALL,6625,139305,25963,113342,28402,41.6584688273931,20.392367108144,Blackpool,E12000002,North West,20-25%,4.75575176770396,45.039,1.643,41.49,67.02,0.247,36.17,1,1,1,1,3,1
30/07/2020,E07000045,Teignbridge,ALL,ALL,6310,132844,21592,111252,34921,45.5400168618831,26.2884465990184,Teignbridge,E12000009,South West,25% or more,4.7499322513625,15.893,-0.268,0,0,0.101,0,194,7,181,6,178,6
30/07/2020,E07000074,Maldon,ALL,ALL,3050,64425,10576,53849,16065,44.9409235545208,24.9390516103997,Maldon,E12000006,East of England,20-25%,4.73418703919286,14.169,-0.555,0,0,0.086,0,222,7,226,8,218,7
30/07/2020,E07000046,Torridge,ALL,ALL,3220,68143,11111,57032,18495,45.9096605667493,27.139138282729,Torridge,E12000009,South West,25% or more,4.72535696990153,23.269,0.116,0,0,0.121,0,99,4,110,4,130,5
,W06000001,Isle of Anglesey,ALL,,3300,69961,12055,57906,17992,44.6191449521877,25.7101142064865,Isle of Anglesey,W92000004,Wales,25% or more,4.71691370906648,,,,,,,,,,,,
,W06000016,Rhondda Cynon Taf,ALL,,11315,240131,44855,195276,45994,40.5362656216815,19.1566932216165,Rhondda Cynon Taf,W92000004,Wales,15-20%,4.71201136046575,,,,,,,,,,,,
30/07/2020,E08000018,Rotherham,ALL,ALL,12465,264671,51342,213329,51693,40.9548571622883,19.5296704210133,Rotherham,E12000003,Yorkshire and The Humber,15-20%,4.70962062333992,29.55,0.817,21.56,29.34,0.168,19.76,44,2,25,1,45,2
30/07/2020,E08000015,Wirral,ALL,ALL,15195,323235,60413,262822,69811,42.3527093291259,21.5978176868223,Wirral,E12000002,North West,20-25%,4.70091419555432,29.589,0.962,25.24,34.95,0.174,24.27,42,2,13,1,38,2
30/07/2020,E08000037,Gateshead,ALL,ALL,9505,202508,35222,167286,39257,41.2613625140735,19.3824569893535,Gateshead,E12000001,North East,15-20%,4.69364173267229,28.217,0.824,16.67,33.33,0.167,15.87,47,2,24,1,47,2
30/07/2020,E08000023,South Tyneside,ALL,ALL,7045,150265,26875,123390,30035,41.9021927927328,19.9884583901774,South Tyneside,E12000001,North East,15-20%,4.68838385518917,31.509,0.863,24.51,40.2,0.206,33.33,27,1,17,1,12,1
30/07/2020,E07000203,Mid Suffolk,ALL,ALL,4800,102493,17283,85210,24911,44.4218141726752,24.3080649410204,Mid Suffolk,E12000006,East of England,20-25%,4.68324666074756,13.225,-0.907,0,0,0.071,0,237,8,279,9,264,9
30/07/2020,E07000141,South Kesteven,ALL,ALL,6635,141853,25986,115867,32272,43.2753343249702,22.7468428584521,South Kesteven,E12000004,East Midlands,20-25%,4.67737728493581,13.499,-0.525,1.23,0,0.091,3.7,231,8,219,7,205,7
30/07/2020,E08000022,North Tyneside,ALL,ALL,9610,205985,37152,168833,41165,41.9877660994733,19.9818884870258,North Tyneside,E12000001,North East,15-20%,4.66538825642644,22.279,0.43,9.16,15.27,0.144,9.92,111,4,65,3,84,3
30/07/2020,E06000004,Stockton-on-Tees,ALL,ALL,9105,197213,39217,157996,35672,40.1839026839002,18.0877690618773,Stockton-on-Tees,E12000001,North East,15-20%,4.61683560414374,25.79,0.684,20.83,28.33,0.164,21.67,73,3,36,2,51,2
30/07/2020,E07000167,Ryedale,ALL,ALL,2535,54920,8592,46328,14599,45.9465586307356,26.5879970866715,Ryedale,E12000003,Yorkshire and The Humber,25% or more,4.61580480699199,15.665,-0.551,0,0,0.082,0,200,7,225,8,227,8
30/07/2020,E07000010,Fenland,ALL,ALL,4680,101491,18151,83340,23008,42.7895971071327,22.6726606300066,Fenland,E12000006,East of England,20-25%,4.61124631740745,25.426,0.501,7.27,9.09,0.14,3.64,80,3,61,2,93,3
30/07/2020,E07000090,Havant,ALL,ALL,5795,125813,22189,103624,29352,43.3241954329044,23.3359009005429,Havant,E12000008,South East,20-25%,4.60604230087511,21.806,0.056,7.69,3.85,0.126,3.85,119,4,123,4,120,4
30/07/2020,E07000043,North Devon,ALL,ALL,4420,96110,16671,79439,24125,44.4897513266049,25.1020008323796,North Devon,E12000009,South West,25% or more,4.59889709707627,20.559,0.099,5.17,6.9,0.11,3.45,132,5,113,4,151,5
30/07/2020,E07000146,King's Lynn and West Norfolk,ALL,ALL,6980,151811,26491,125320,39184,44.4389471118694,25.8136544782657,King's Lynn and West Norfolk,E12000006,East of England,25% or more,4.59782229219227,23.72,0.426,7.87,5.62,0.12,5.62,94,3,67,3,134,5
30/07/2020,E06000003,Redcar and Cleveland,ALL,ALL,6275,136718,24769,111949,30435,42.6606957386738,22.2623670621279,Redcar and Cleveland,E12000001,North East,20-25%,4.58973946371363,29.792,0.79,23.86,35.23,0.186,26.14,40,2,27,1,28,1
,W06000009,Pembrokeshire,ALL,,5725,125055,21423,103632,32130,44.6086761824797,25.6839654551997,Pembrokeshire,W92000004,Wales,25% or more,4.57798568629803,,,,,,,,,,,,
,W06000010,Carmarthenshire,ALL,,8560,187568,33220,154348,44011,43.4784611447582,23.4608392689585,Carmarthenshire,W92000004,Wales,20-25%,4.56367823935853,,,,,,,,,,,,
30/07/2020,E06000032,Luton,ALL,ALL,9765,214109,52122,161987,26620,35.4173808667548,12.4260073140316,Luton,E12000006,East of England,15% or less,4.56076110766012,25.908,0.294,3.31,4.96,0.155,7.44,70,3,85,3,66,3
30/07/2020,E09000013,Hammersmith and Fulham,ALL,ALL,8450,185426,33711,151715,19853,36.1969087398747,10.7047226386807,Hammersmith and Fulham,E12000007,London,15% or less,4.55707398099511,22.27,-0.05,0.88,0.88,0.142,7.08,112,4,141,5,88,3
30/07/2020,E07000112,Folkestone and Hythe,ALL,ALL,5130,112578,19066,93512,27530,44.105891026666,24.4516797242801,Shepway,E12000008,South East,20-25%,4.5568405905239,24.149,0.128,5.97,2.99,0.145,5.97,90,3,109,4,82,3
30/07/2020,E07000225,Chichester,ALL,ALL,5480,120750,19864,100886,32532,45.4351221532091,26.9403710144928,Chichester,E12000008,South East,25% or more,4.53830227743271,14.085,-0.453,0,0,0.079,0,225,8,206,7,235,8
30/07/2020,E07000114,Thanet,ALL,ALL,6435,141819,26889,114930,33226,42.70232479428,23.4292464338347,Thanet,E12000008,South East,20-25%,4.53747382226641,31.314,0.379,21.43,7.14,0.185,20.24,30,1,73,3,31,1
30/07/2020,E07000241,Welwyn Hatfield,ALL,ALL,5565,122746,22913,99833,18837,37.7781190425757,15.3449138872142,Welwyn Hatfield,E12000006,East of England,15-20%,4.53375262737686,14.215,-0.446,0,0,0.086,0,221,7,204,7,215,7
30/07/2020,E07000069,Castle Point,ALL,ALL,4070,90070,15250,74820,22734,44.1533473964694,25.2365027201066,Castle Point,E12000006,East of England,25% or more,4.51870767181081,16.842,-0.311,1.75,0,0.107,5.26,178,6,185,6,164,6
30/07/2020,E07000139,North Kesteven,ALL,ALL,5240,115985,20293,95692,27146,43.4894081131181,23.4048437297927,North Kesteven,E12000004,East Midlands,20-25%,4.51782558089408,11.553,-0.602,0,0,0.081,0,271,9,239,8,230,8
30/07/2020,E08000006,Salford,ALL,ALL,11460,254408,51495,202913,36420,37.1208452564385,14.3156972265023,Salford,E12000002,North West,15% or less,4.50457532781988,34.21,0.995,30,44,0.191,26,18,1,12,1,24,1
30/07/2020,E07000173,Gedling,ALL,ALL,5305,117786,21127,96659,24585,42.2435858251405,20.8751719219602,Gedling,E12000004,East Midlands,20-25%,4.50393085765711,14.894,-0.256,1.3,1.3,0.102,1.3,209,7,179,6,176,6
30/07/2020,E07000033,Bolsover,ALL,ALL,3580,79530,14095,65435,15878,41.8800829875519,19.964819564944,Bolsover,E12000004,East Midlands,15-20%,4.50144599522193,25.047,0.634,4.17,16.67,0.147,8.33,84,3,43,2,78,3
30/07/2020,E07000137,East Lindsey,ALL,ALL,6335,140741,21596,119145,41889,47.158873391549,29.7625397005848,East Lindsey,E12000004,East Midlands,25% or more,4.50117591888647,29.892,0.571,16.05,20.99,0.162,12.35,39,2,52,2,53,2
30/07/2020,E07000202,Ipswich,ALL,ALL,6170,137532,27945,109587,22622,38.8181804961754,16.448606869674,Ipswich,E12000006,East of England,15-20%,4.48622865951197,25.89,0.396,14.12,8.24,0.141,7.06,71,3,71,3,89,3
30/07/2020,E07000170,Ashfield,ALL,ALL,5690,127151,24065,103086,24375,40.922124088682,19.1649684233706,Ashfield,E12000004,East Midlands,15-20%,4.47499429811799,26.308,0.542,16.22,13.51,0.152,13.51,68,3,54,2,73,3
30/07/2020,E07000200,Babergh,ALL,ALL,4060,91401,15502,75899,23756,45.0704587477161,25.9894377523222,Babergh,E12000006,East of England,25% or more,4.44196452992856,14.267,-0.693,0,0,0.08,0,218,7,255,9,233,8
30/07/2020,E06000010,"Kingston upon Hull, City of",ALL,ALL,11555,260645,51778,208867,38997,37.6484260200656,14.9623507069002,"Kingston upon Hull, City of",E12000003,Yorkshire and The Humber,15% or less,4.43323294135702,40.564,0.853,45.18,39.16,0.227,42.17,4,1,20,1,6,1
30/07/2020,E06000056,Central Bedfordshire,ALL,ALL,12535,283606,56338,227268,50602,40.3655987531999,17.8420773890538,Central Bedfordshire,E12000006,East of England,15-20%,4.41986417776775,12.152,-0.712,0,0,0.077,0,254,9,257,9,247,8
30/07/2020,E07000136,Boston,ALL,ALL,3060,69366,13221,56145,14433,41.3838624109794,20.8013666637834,Boston,E12000004,East Midlands,20-25%,4.41138309834789,22.967,0.083,2.78,0,0.128,2.78,102,4,118,4,112,4
30/07/2020,E07000218,North Warwickshire,ALL,ALL,2860,64850,11255,53595,14079,42.9762528912876,21.7100123361604,North Warwickshire,E12000005,West Midlands,20-25%,4.41017733230532,17.907,-0.109,2.63,0,0.097,2.63,167,6,154,5,190,6
,W06000006,Wrexham,ALL,,5970,136126,26251,109875,26959,41.1403626052334,19.8037994211245,Wrexham,W92000004,Wales,15-20%,4.3856427133685,,,,,,,,,,,,
,W06000020,Torfaen,ALL,,4075,93049,17250,75799,18973,41.466958269299,20.3933153499769,Torfaen,W92000004,Wales,20-25%,4.37941299745296,,,,,,,,,,,,
,W06000023,Powys,ALL,,5800,132447,21198,111249,35775,45.849366161559,27.0083180441988,Powys,W92000004,Wales,25% or more,4.37911013461989,,,,,,,,,,,,
30/07/2020,E06000027,Torbay,ALL,ALL,5945,135780,22822,112958,35907,45.1379510973634,26.4464899101488,Torbay,E12000009,South West,25% or more,4.37840624539697,28.104,0.504,15.73,12.36,0.174,11.24,48,2,60,2,39,2
30/07/2020,E09000015,Harrow,ALL,ALL,10945,250149,52578,197571,39202,38.4746371162787,15.6726447037566,Harrow,E12000007,London,15-20%,4.37539226620934,15.031,-1.04,0,0,0.109,0,207,7,293,10,156,5
30/07/2020,E07000066,Basildon,ALL,ALL,8120,185862,38749,147113,31922,39.310316256147,17.1692858142062,Basildon,E12000006,East of England,15-20%,4.3688327899194,23.243,-0.092,10.91,1.82,0.138,7.27,100,4,152,5,95,3
30/07/2020,E08000010,Wigan,ALL,ALL,14240,326088,61243,264845,61837,40.9132412109615,18.9640873015873,Wigan,E12000002,North West,15-20%,4.36691935919138,25.713,0.618,16.5,21.5,0.148,13.5,75,3,46,2,77,3
30/07/2020,E07000108,Dover,ALL,ALL,5105,116969,20483,96486,27222,43.5346459318281,23.2807624242321,Dover,E12000008,South East,20-25%,4.36440424385948,22.161,-0.033,7.46,0,0.134,7.46,113,4,136,5,105,4
,W06000014,Vale of Glamorgan,ALL,,5760,132165,24451,107714,27691,42.0557484961979,20.947138803768,The Vale of Glamorgan,W92000004,Wales,20-25%,4.35818862785155,,,,,,,,,,,,
30/07/2020,E08000024,Sunderland,ALL,ALL,12080,277417,48972,228445,53952,41.3379965899711,19.4461680430543,Sunderland,E12000001,North East,15-20%,4.35445556689028,30.586,0.828,22.7,32.97,0.192,25.41,35,2,23,1,22,1
30/07/2020,E07000189,South Somerset,ALL,ALL,7300,167861,29525,138336,42280,44.2284985791816,25.1899839748363,South Somerset,E12000009,South West,25% or more,4.34883623950769,17.347,-0.25,0.97,0,0.095,0,172,6,176,6,196,7
30/07/2020,E07000127,West Lancashire,ALL,ALL,4940,113949,19637,94312,24966,42.2183432939297,21.9096867897042,West Lancashire,E12000002,North West,20-25%,4.33527279747957,18.645,0.008,8.22,1.37,0.123,10.96,155,5,130,5,123,4
30/07/2020,E07000193,East Staffordshire,ALL,ALL,5140,118574,23056,95518,22681,40.9137837974598,19.1337831227757,East Staffordshire,E12000005,West Midlands,15-20%,4.33484575033313,19.028,0.043,4.17,2.78,0.103,2.78,147,5,126,4,175,6
30/07/2020,E07000047,West Devon,ALL,ALL,2400,55528,8860,46668,15241,46.4549596599914,27.4417879268117,West Devon,E12000009,South West,25% or more,4.32214378331653,18.052,-0.186,0,0,0.098,0,162,6,168,6,188,6
30/07/2020,E06000021,Stoke-on-Trent,ALL,ALL,11040,255833,52295,203538,43447,38.7798407554928,16.9816388034382,Stoke-on-Trent,E12000005,West Midlands,15-20%,4.31531506881442,34.504,1.037,32.08,42.77,0.19,28.3,14,1,11,1,25,1
,W06000005,Flintshire,ALL,,6710,155593,28745,126848,32652,41.9539053813475,20.9769199128496,Flintshire,W92000004,Wales,20-25%,4.31253334018883,,,,,,,,,,,,
30/07/2020,E08000008,Tameside,ALL,ALL,9710,225197,45292,179905,39711,39.7920354178786,17.6349436271354,Tameside,E12000002,North West,15-20%,4.31178035231375,31.374,0.855,20.57,29.79,0.175,17.02,28,1,19,1,37,2
30/07/2020,E07000063,Lewes,ALL,ALL,4425,102744,17795,84949,26241,44.7571926341198,25.5424890991201,Lewes,E12000008,South East,25% or more,4.30682083625321,15.758,-0.404,0,0,0.099,0,198,7,199,7,186,6
30/07/2020,E07000085,East Hampshire,ALL,ALL,5195,120681,21811,98870,27999,43.7520985076358,23.2004764627406,East Hampshire,E12000008,South East,20-25%,4.30473728258798,10.284,-0.909,0,0,0.06,0,285,9,281,9,288,10
,W06000013,Bridgend,ALL,,6195,144876,26109,118767,29379,41.7474806041028,20.2764253568569,Bridgend,W92000004,Wales,20-25%,4.27607057069494,,,,,,,,,,,,
30/07/2020,E06000011,East Riding of Yorkshire,ALL,ALL,14515,339614,55694,283920,87485,45.2630604156484,25.756373117716,East Riding of Yorkshire,E12000003,Yorkshire and The Humber,25% or more,4.27396985989977,15.605,-0.39,6.19,3.33,0.096,4.76,202,7,197,7,194,7
30/07/2020,E07000030,Eden,ALL,ALL,2260,52881,8063,44818,14048,46.2911442673172,26.5640154308731,Eden,E12000002,North West,25% or more,4.27374671432083,16.328,-0.544,0,0,0.07,0,186,6,224,8,265,9
,W06000003,Conwy,ALL,,5005,117181,19009,98172,32154,45.8544729947688,27.4369334619094,Conwy,W92000004,Wales,25% or more,4.27117024090936,,,,,,,,,,,,
,W06000008,Ceredigion,ALL,,3100,72992,10950,62042,18195,43.5353463393249,24.9284633932486,Ceredigion,W92000004,Wales,20-25%,4.24704077159141,,,,,,,,,,,,
30/07/2020,E08000034,Kirklees,ALL,ALL,18610,438727,89819,348908,76848,39.3858002812683,17.5165661105881,Kirklees,E12000003,Yorkshire and The Humber,15-20%,4.24181780469404,25.151,0.166,11.97,5.41,0.143,10.42,83,3,102,4,87,3
30/07/2020,E07000091,New Forest,ALL,ALL,7620,179753,28496,151257,51897,46.6702419431108,28.8717618064789,New Forest,E12000008,South East,25% or more,4.23915038970142,13.015,-0.628,0,0,0.077,0,240,8,246,8,248,8
30/07/2020,E07000117,Burnley,ALL,ALL,3750,88527,18548,69979,16422,39.8128819456211,18.5488788731122,Burnley,E12000002,North West,15-20%,4.23599579789217,37.793,1.087,38.33,46.67,0.203,25,8,1,7,1,13,1
30/07/2020,E07000145,Great Yarmouth,ALL,ALL,4200,99370,17705,81665,24020,43.3238301298179,24.1705947469055,Great Yarmouth,E12000006,East of England,20-25%,4.22662775485559,33.097,0.587,24.59,16.39,0.184,22.95,20,1,51,2,32,1
30/07/2020,E07000029,Copeland,ALL,ALL,2880,68424,11574,56850,15289,43.587103940138,22.3402563428037,Copeland,E12000002,North West,20-25%,4.20904945633111,25.012,0.737,6.12,26.53,0.13,8.16,85,3,31,1,109,4
30/07/2020,E07000031,South Lakeland,ALL,ALL,4395,104532,15437,89095,29329,46.9181972984349,28.0568620135461,South Lakeland,E12000002,North West,25% or more,4.20445413844564,12.501,-0.485,0,0,0.063,0,250,8,212,7,286,10
30/07/2020,E07000174,Mansfield,ALL,ALL,4570,108841,20445,88396,20771,41.0943394492884,19.0773173712112,Mansfield,E12000004,East Midlands,15-20%,4.19878538418427,28.503,0.74,14.93,22.39,0.156,13.43,46,2,30,1,61,2
30/07/2020,E07000040,East Devon,ALL,ALL,6055,144317,22965,121352,43489,47.1139505394375,30.1263330030419,East Devon,E12000009,South West,25% or more,4.19562490905437,12.764,-0.672,0,0,0.081,0,244,8,253,8,229,8
30/07/2020,E08000004,Oldham,ALL,ALL,9855,235623,53234,182389,37840,37.8831183712965,16.0614074177818,Oldham,E12000002,North West,15-20%,4.18252887027158,33.155,0.663,30.5,24.11,0.193,26.24,19,1,40,2,21,1
30/07/2020,E07000088,Gosport,ALL,ALL,3555,85283,15884,69399,17064,41.3047031647573,20.0054817490004,Gosport,E12000008,South East,20-25%,4.16847437355628,20.541,0.062,1.89,0,0.107,0,133,5,121,4,165,6
30/07/2020,E07000194,Lichfield,ALL,ALL,4330,103965,17677,86288,24650,43.7170778627423,23.7082191122012,Lichfield,E12000005,West Midlands,20-25%,4.16486317510701,12.566,-0.432,0,0,0.084,0,247,8,202,7,223,8
30/07/2020,E07000099,North Hertfordshire,ALL,ALL,5540,133214,26282,106932,25243,41.0351164292041,18.9505412344048,North Hertfordshire,E12000006,East of England,15-20%,4.15872205624034,11.627,-0.712,0,0,0.079,0,270,9,258,9,237,8
30/07/2020,E07000143,Breckland,ALL,ALL,5785,139329,24183,115146,34484,43.9272082624579,24.7464935512349,Breckland,E12000006,East of England,20-25%,4.1520430061222,19.614,-0.038,1.28,1.28,0.1,0,142,5,138,5,182,6
30/07/2020,E07000089,Hart,ALL,ALL,3970,96293,19300,76993,18900,41.4563883148308,19.628869180522,Hart,E12000008,South East,15-20%,4.12283343545221,5.544,-1.529,0,0,0.042,0,317,10,314,10,316,10
30/07/2020,E09000004,Bexley,ALL,ALL,10190,247258,50980,196278,40764,39.0860679937555,16.4846318420435,Bexley,E12000007,London,15-20%,4.12120133625606,16.273,-0.561,0,0,0.106,0.68,187,6,230,8,170,6
30/07/2020,E08000019,Sheffield,ALL,ALL,23985,582506,105678,476828,93631,38.0547324834422,16.0747449811676,Sheffield,E12000003,Yorkshire and The Humber,15-20%,4.11755415394863,27.06,0.456,23.77,20.58,0.156,23.48,57,2,63,2,62,2
30/07/2020,E07000081,Gloucester,ALL,ALL,5305,129285,26051,103234,21570,39.2060099779557,16.684158255018,Gloucester,E12000009,South West,15-20%,4.10333758750048,21.807,0.378,11.54,15.38,0.126,8.97,118,4,74,3,116,4
30/07/2020,E07000011,Huntingdonshire,ALL,ALL,7270,177352,32686,144666,35209,41.6962481392936,19.8507065045785,Huntingdonshire,E12000006,East of England,15-20%,4.09919256619604,12.55,-0.608,0,0,0.074,0,248,8,241,8,252,8
30/07/2020,E07000067,Braintree,ALL,ALL,6210,151561,29124,122437,30475,41.6355790737723,20.1064205171515,Braintree,E12000006,East of England,20-25%,4.09736013882199,14.723,-0.382,0,0,0.092,0,211,7,194,7,202,7
30/07/2020,E06000050,Cheshire West and Chester,ALL,ALL,13915,340502,61048,279454,72945,42.3661593764501,21.4228342271117,Cheshire West and Chester,E12000002,North West,20-25%,4.08661329448873,18.083,0.089,7.55,10.38,0.108,8.02,161,6,116,4,159,5
30/07/2020,E06000026,Plymouth,ALL,ALL,10740,263100,47443,215657,48001,39.6797757506652,18.2419346256176,Plymouth,E12000009,South West,15-20%,4.08209806157355,26.619,0.666,17.39,22.98,0.148,12.42,64,2,38,2,76,3
,W06000012,Neath Port Talbot,ALL,,5820,142906,24952,117954,29530,42.0423425188586,20.6682357633689,Neath Port Talbot,W92000004,Wales,20-25%,4.07260716834843,,,,,,,,,,,,
30/07/2020,E07000109,Gravesham,ALL,ALL,4330,106385,22535,83850,18450,39.3875734361047,17.3451351224327,Gravesham,E12000008,South East,15-20%,4.07012266766932,21.414,-0.152,3.13,0,0.122,3.13,123,4,160,6,127,4
,W06000018,Caerphilly,ALL,,7365,181019,34079,146940,34992,40.8892491948359,19.3268872328319,Caerphilly,W92000004,Wales,15-20%,4.06863367933753,,,,,,,,,,,,
,W06000002,Gwynedd,ALL,,5050,124178,20851,103327,28171,42.2493920018039,22.6851165262768,Gwynedd,W92000004,Wales,20-25%,4.06674290131907,,,,,,,,,,,,
30/07/2020,E07000082,Stroud,ALL,ALL,4830,119019,21326,97693,26618,43.4153118409666,22.3623127399827,Stroud,E12000009,South West,20-25%,4.05817558541073,10.797,-0.591,0,0,0.078,0,280,9,236,8,243,8
30/07/2020,E07000080,Forest of Dean,ALL,ALL,3510,86543,14324,72219,21034,44.2498180095444,24.3050032931606,Forest of Dean,E12000009,South West,20-25%,4.05578729648845,18.013,-0.432,2,0,0.107,2,163,6,201,7,168,6
30/07/2020,E08000033,Calderdale,ALL,ALL,8500,210082,41268,168814,38892,40.7337563427614,18.5117501737417,Calderdale,E12000003,Yorkshire and The Humber,15-20%,4.04603916565912,26.351,0.264,15.63,10.94,0.149,15.63,66,3,92,3,75,3
30/07/2020,E07000148,Norwich,ALL,ALL,5700,141137,23903,117234,20950,37.0425898240717,14.8419401007532,Norwich,E12000006,East of England,15% or less,4.03862913339521,27.599,0.689,20.48,26.51,0.163,15.66,52,2,35,2,52,2
30/07/2020,E07000072,Epping Forest,ALL,ALL,5295,131137,24822,106315,25733,41.4350030883732,19.6236920167458,Epping Forest,E12000006,East of England,15-20%,4.03776203512357,15.068,-0.778,0,0,0.091,0,205,7,264,9,209,7
30/07/2020,E06000012,North East Lincolnshire,ALL,ALL,6445,159821,31071,128750,32299,41.2859011018577,20.2092822595278,North East Lincolnshire,E12000003,Yorkshire and The Humber,20-25%,4.03263651209791,31.335,0.38,30.19,15.09,0.19,28.3,29,1,72,3,26,1
30/07/2020,E07000012,South Cambridgeshire,ALL,ALL,6345,157519,31761,125758,30583,41.2731733949555,19.4183857185482,South Cambridgeshire,E12000006,East of England,15-20%,4.02808550079673,8.496,-1.147,0,0,0.056,0,301,10,304,10,304,10
30/07/2020,E07000168,Scarborough,ALL,ALL,4370,108736,17492,91244,29295,45.6619702766333,26.9387534947028,Scarborough,E12000003,Yorkshire and The Humber,25% or more,4.01890818128311,26.28,0.499,12.68,14.08,0.145,9.86,69,3,62,2,81,3
30/07/2020,E07000026,Allerdale,ALL,ALL,3915,97527,16151,81376,23691,44.4191557209798,24.2908128005578,Allerdale,E12000002,North West,20-25%,4.014272970562,22.938,0.189,11.67,11.67,0.121,10,104,4,99,4,131,5
30/07/2020,E07000113,Swale,ALL,ALL,5960,148519,29955,118564,28374,40.4509860691225,19.1081423925558,Swale,E12000008,South East,15-20%,4.01295457146897,27.076,0.23,18.82,5.88,0.149,15.29,56,2,94,3,74,3
30/07/2020,E07000223,Adur,ALL,ALL,2560,63869,11707,52162,14970,43.3575600056365,23.4393571216083,Adur,E12000008,South East,20-25%,4.00820429316257,17.594,-0.055,0,0,0.108,0,169,6,142,5,163,6
30/07/2020,E06000045,Southampton,ALL,ALL,10110,252796,46367,206429,33508,35.8914302441494,13.252662621244,Southampton,E12000008,South East,15% or less,3.99927214038197,26.876,0.541,12.84,15.54,0.135,8.78,61,2,55,2,100,4
30/07/2020,E07000242,East Hertfordshire,ALL,ALL,5915,148105,29244,118861,26528,40.829337294487,17.9146004523818,East Hertfordshire,E12000006,East of England,15-20%,3.99378819081057,8.188,-1.425,0,0,0.06,0,307,10,312,10,289,10
30/07/2020,E07000150,Corby,ALL,ALL,2825,70827,15860,54967,10020,37.660383751959,14.1440397023734,Corby,E12000004,East Midlands,15% or less,3.98859192116001,25.706,0.61,9.76,21.95,0.136,7.32,76,3,47,2,98,4
30/07/2020,E06000007,Warrington,ALL,ALL,8300,209547,39691,169856,38883,40.8884164411803,18.5570220523319,Warrington,E12000002,North West,15-20%,3.96092523395706,18.942,0.278,7.87,12.6,0.109,6.3,148,5,88,3,154,5
30/07/2020,E07000175,Newark and Sherwood,ALL,ALL,4810,121566,21792,99774,26480,42.7022111445635,21.7863522695491,Newark and Sherwood,E12000004,East Midlands,20-25%,3.95669841896583,19.227,-0.07,4.29,0,0.109,4.29,145,5,146,5,157,5
30/07/2020,E06000033,Southend-on-Sea,ALL,ALL,7210,182463,35630,146833,35097,40.8701270942602,19.2290354756855,Southend-on-Sea,E12000006,East of England,15-20%,3.95148605470698,22.375,0.062,8.41,10.28,0.144,12.15,110,4,122,4,85,3
30/07/2020,E07000079,Cotswold,ALL,ALL,3515,89022,14597,74425,22760,45.2963761766754,25.5673058345128,Cotswold,E12000009,South West,25% or more,3.94846217788861,11.061,-0.891,0,0,0.064,0,277,9,276,9,284,9
30/07/2020,E07000064,Rother,ALL,ALL,3770,95656,14299,81357,30500,48.1966525884419,31.8928629672995,Rother,E12000008,South East,25% or more,3.94120598812411,19.768,-0.082,3.45,1.72,0.113,5.17,139,5,148,5,143,5
30/07/2020,E08000036,Wakefield,ALL,ALL,13560,345038,65773,279265,65208,40.8439186408454,18.8991600925116,Wakefield,E12000003,Yorkshire and The Humber,15-20%,3.93000191283279,27.306,0.539,15.79,15.31,0.147,9.57,54,2,56,2,79,3
30/07/2020,E07000037,High Peak,ALL,ALL,3610,92221,15696,76525,19291,42.8854273972306,20.9120720877024,High Peak,E12000004,East Midlands,20-25%,3.91450971036966,15.642,0.008,5.08,1.69,0.097,3.39,201,7,129,5,189,6
30/07/2020,E06000013,North Lincolnshire,ALL,ALL,6705,172005,31956,140049,36049,42.1355658265748,20.9568216040231,North Lincolnshire,E12000003,Yorkshire and The Humber,20-25%,3.89814249585768,22.096,0.233,10.89,10.89,0.133,7.92,115,4,93,3,106,4
30/07/2020,E07000198,Staffordshire Moorlands,ALL,ALL,3825,98397,15841,82556,24426,44.8192932711363,24.8235972641442,Staffordshire Moorlands,E12000005,West Midlands,20-25%,3.8873136376109,15.04,-0.249,0,0,0.084,0,206,7,175,6,221,7
30/07/2020,E08000028,Sandwell,ALL,ALL,12725,327378,74029,253349,49258,37.4455155813769,15.0460040075998,Sandwell,E12000005,West Midlands,15-20%,3.8869441440781,34.884,0.705,19.89,13.44,0.215,26.34,12,1,33,2,9,1
30/07/2020,E07000120,Hyndburn,ALL,ALL,3135,80815,16841,63974,14838,39.6681804120522,18.3591276371961,Hyndburn,E12000002,North West,15-20%,3.87923034090206,34.333,1.068,26.92,44.23,0.182,21.15,16,1,9,1,33,2
30/07/2020,E08000027,Dudley,ALL,ALL,12435,320626,62009,258617,65175,41.1635799966316,20.3291030671249,Dudley,E12000005,West Midlands,20-25%,3.8783504768796,24.103,0.287,10.95,6.47,0.156,13.93,91,3,86,3,60,2
30/07/2020,E07000151,Daventry,ALL,ALL,3265,84484,15589,68895,17270,42.2577529473036,20.4415344917381,Daventry,E12000004,East Midlands,20-25%,3.86463709104683,13.184,-0.57,2.27,2.27,0.073,0,238,8,233,8,257,9
30/07/2020,E07000188,Sedgemoor,ALL,ALL,4730,122791,22105,100686,28905,43.4845713448054,23.5446506665798,Sedgemoor,E12000009,South West,20-25%,3.8520738490606,21.306,-0.066,5.71,2.86,0.117,5.71,125,4,144,5,136,5
30/07/2020,E08000007,Stockport,ALL,ALL,11210,291775,56792,234983,58064,41.3744666266815,19.9002066660955,Stockport,E12000002,North West,15-20%,3.84200154228429,20.826,0.355,8.95,12.11,0.12,8.42,130,5,78,3,135,5
30/07/2020,E06000016,Leicester,ALL,ALL,13625,355218,76034,279184,42304,34.7989150324589,11.9090358596693,Leicester,E12000004,East Midlands,15% or less,3.83567274180926,30.877,0.594,20.31,20.83,0.196,25.52,32,1,49,2,18,1
30/07/2020,E08000009,Trafford,ALL,ALL,9045,236370,50485,185885,40778,39.801184583492,17.25153234336,Trafford,E12000002,North West,15-20%,3.82662774463764,16.088,-0.072,5.07,5.07,0.107,7.25,191,7,147,5,166,6
30/07/2020,E09000002,Barking and Dagenham,ALL,ALL,8100,211998,57865,154133,19755,33.0568448758951,9.31920348305173,Barking and Dagenham,E12000007,London,15% or less,3.820790762177,32.768,0.204,3.64,0.91,0.194,4.55,21,1,96,4,20,1
30/07/2020,E07000221,Stratford-on-Avon,ALL,ALL,4860,127580,21206,106374,32366,44.9643361028374,25.3716797303653,Stratford-on-Avon,E12000005,West Midlands,25% or more,3.8093745101113,11.728,-0.626,0,0,0.068,0,266,9,245,8,269,9
30/07/2020,E07000121,Lancaster,ALL,ALL,5480,144246,24246,120000,28706,40.5152447901502,19.9074067911762,Lancaster,E12000002,North West,15-20%,3.79906548535141,24.165,0.512,14.61,21.35,0.129,11.24,89,3,59,2,110,4
30/07/2020,E07000119,Fylde,ALL,ALL,3020,79770,12472,67298,21724,46.3559232794284,27.2216346997618,Fylde,E12000002,North West,25% or more,3.78588441770089,15.875,0.208,3.92,7.84,0.096,1.96,195,7,95,3,192,7
,W06000015,Cardiff,ALL,,13790,364248,67425,296823,51339,36.7618929959808,14.0938042212998,Cardiff,W92000004,Wales,15% or less,3.78588214623004,,,,,,,,,,,,
30/07/2020,E07000140,South Holland,ALL,ALL,3555,93980,16411,77569,22703,43.7708661417323,24.1555298999787,South Holland,E12000004,East Midlands,20-25%,3.78271972760162,17.896,-0.214,0,0,0.103,0,168,6,171,6,174,6
30/07/2020,E07000009,East Cambridgeshire,ALL,ALL,3380,89362,17798,71564,17842,41.4558537185829,19.9597390389651,East Cambridgeshire,E12000006,East of England,15-20%,3.78236834448647,11.507,-0.957,0,0,0.07,0,272,9,286,10,267,9
30/07/2020,E07000042,Mid Devon,ALL,ALL,3080,81695,15085,66610,19075,43.3964379705,23.348722688047,Mid Devon,E12000009,South West,20-25%,3.77012057041435,16.928,-0.757,0,0,0.093,0,176,6,263,9,200,7
30/07/2020,E07000111,Sevenoaks,ALL,ALL,4535,120293,24148,96145,25784,42.0695551694612,21.4337758639322,Sevenoaks,E12000008,South East,20-25%,3.76996167690556,12.437,-1.037,0,0,0.075,0,251,8,291,10,251,8
30/07/2020,E07000135,Oadby and Wigston,ALL,ALL,2150,57056,10365,46691,12264,41.7588509534492,21.4965928210881,Oadby and Wigston,E12000004,East Midlands,20-25%,3.76822770611329,12.958,-0.189,0,2.78,0.086,0,242,8,170,6,216,7
30/07/2020,E07000192,Cannock Chase,ALL,ALL,3770,100109,17925,82184,18944,41.272862579788,18.9254142984147,Cannock Chase,E12000005,West Midlands,15-20%,3.76589517426006,20.426,0.131,3.33,1.67,0.127,3.33,134,5,107,4,114,4
30/07/2020,E07000062,Hastings,ALL,ALL,3495,92855,17226,75629,18367,41.456055139734,19.7732313822627,Hastings,E12000008,South East,15-20%,3.76393301383878,34.281,0.633,30.19,20.75,0.202,26.42,17,1,44,2,14,1
30/07/2020,E06000025,South Gloucestershire,ALL,ALL,10630,282644,52963,229681,52750,40.51289254327,18.6650924838313,South Gloucestershire,E12000009,South West,15-20%,3.76091479033696,11.66,-0.813,0,0,0.074,0,269,9,268,9,253,8
30/07/2020,E07000034,Chesterfield,ALL,ALL,3930,104628,17770,86858,21921,42.5131131245938,20.947452880682,Chesterfield,E12000004,East Midlands,20-25%,3.75616469778644,24.926,0.904,8.7,34.78,0.153,10.14,87,3,15,1,71,3
30/07/2020,E07000219,Nuneaton and Bedworth,ALL,ALL,4835,128902,25152,103750,24758,40.6708507238057,19.2114846937984,Nuneaton and Bedworth,E12000005,West Midlands,15-20%,3.75091154520488,23.54,0.279,6.17,3.7,0.136,4.94,96,4,87,3,99,4
30/07/2020,E07000044,South Hams,ALL,ALL,3230,86221,13652,72569,24159,46.6592825413762,28.0200125259508,South Hams,E12000009,South West,25% or more,3.74618712378655,13.724,-0.598,0,0,0.087,0,229,8,238,8,213,7
30/07/2020,E06000046,Isle of Wight,ALL,ALL,5275,141538,22057,119481,39294,46.1492532040866,27.7650970057511,Isle of Wight,E12000008,South East,25% or more,3.72691432689454,23.294,0.084,3.37,0,0.138,3.37,98,4,117,4,96,4
30/07/2020,E07000122,Pendle,ALL,ALL,3405,91405,19266,72139,17005,39.7298944259067,18.6117323997593,Pendle,E12000002,North West,15-20%,3.72517914774903,30.723,0.653,31.58,21.05,0.168,21.05,33,2,42,2,46,2
30/07/2020,E07000035,Derbyshire Dales,ALL,ALL,2680,71977,10919,61058,19442,46.5478972449533,27.0089236839546,Derbyshire Dales,E12000004,East Midlands,25% or more,3.72341164538672,11.895,-0.568,2.33,0,0.068,2.33,263,9,231,8,270,9
,W06000021,Monmouthshire,ALL,,3505,94142,15462,78680,23424,44.956554991396,24.8811805570309,Monmouthshire,W92000004,Wales,20-25%,3.72309914809543,,,,,,,,,,,,
30/07/2020,E09000020,Kensington and Chelsea,ALL,ALL,5810,156197,26055,130142,24481,39.8520266074252,15.6726435206822,Kensington and Chelsea,E12000007,London,15-20%,3.71966170925178,21.526,-1.243,8.74,0,0.117,16.5,121,4,307,10,137,5
30/07/2020,E07000165,Harrogate,ALL,ALL,5965,160533,28579,131954,37120,43.9775684750176,23.124578124124,Harrogate,E12000003,Yorkshire and The Humber,20-25%,3.71574691807915,10.897,-0.611,0.96,0.96,0.062,0.96,278,9,242,8,287,10
30/07/2020,E07000154,Northampton,ALL,ALL,8365,225146,48909,176237,34227,37.7553187709309,15.2036114343582,Northampton,E12000004,East Midlands,15-20%,3.71536691746689,23.358,0.349,9.02,8.27,0.123,6.77,97,4,79,3,124,4
30/07/2020,E07000083,Tewkesbury,ALL,ALL,3440,92599,17255,75344,20472,42.6677501916867,22.1042106286245,Tewkesbury,E12000009,South West,20-25%,3.71494292594952,12.142,-0.592,0,0,0.077,0,255,9,237,8,245,8
,W06000011,Swansea,ALL,,9135,246466,42001,204465,48049,40.5406628094747,19.4955300122532,Swansea,W92000004,Wales,15-20%,3.70639357964182,,,,,,,,,,,,
30/07/2020,E08000005,Rochdale,ALL,ALL,8150,220001,47448,172553,35943,38.5212339943909,16.3386425516248,Rochdale,E12000002,North West,15-20%,3.70452861577902,34.415,0.842,29.85,27.61,0.201,29.85,15,1,21,1,15,1
30/07/2020,E07000038,North East Derbyshire,ALL,ALL,3745,101125,16430,84695,24703,44.5079950556242,24.4364004944376,North East Derbyshire,E12000004,East Midlands,20-25%,3.70333745364648,17.399,0.143,4.76,7.94,0.112,3.17,170,6,105,4,145,5
30/07/2020,E06000049,Cheshire East,ALL,ALL,14095,380790,68386,312404,86688,43.4230415714698,22.7630814884845,Cheshire East,E12000002,North West,20-25%,3.70151527088421,14.475,-0.186,1.71,3.85,0.083,0.85,216,7,169,6,226,8
30/07/2020,E06000019,"Herefordshire, County of",ALL,ALL,7100,192107,32213,159894,46625,44.2004039415534,24.269875121677,"Herefordshire, County of",E12000005,West Midlands,20-25%,3.6958569963614,18.89,-0.312,0.86,0,0.098,1.72,152,5,186,6,187,6
30/07/2020,E07000238,Wychavon,ALL,ALL,4705,127340,21800,105540,31544,44.6010601539187,24.7732841212502,Wychavon,E12000005,West Midlands,20-25%,3.69483273127061,15.766,-0.559,0,0,0.085,0,197,7,228,8,219,7
30/07/2020,E08000030,Walsall,ALL,ALL,10455,283378,61278,222100,49866,38.9161790964719,17.5950959495797,Walsall,E12000005,West Midlands,15-20%,3.68941837404456,31.555,0.562,26.35,13.77,0.2,31.74,25,1,53,2,16,1
30/07/2020,E07000169,Selby,ALL,ALL,3285,89106,16473,72633,17926,42.1193073418176,20.1178932956254,Selby,E12000003,Yorkshire and The Humber,20-25%,3.6866204296007,12.73,-0.523,2,0,0.079,2,246,8,218,7,236,8
30/07/2020,E07000142,West Lindsey,ALL,ALL,3495,94869,16306,78563,23172,44.2993074660848,24.4288524175442,West Lindsey,E12000004,East Midlands,20-25%,3.68402744837618,20.355,-0.049,7.69,3.85,0.123,9.62,136,5,140,5,125,4
30/07/2020,E07000132,Hinckley and Bosworth,ALL,ALL,4140,112423,19972,92451,24529,42.7340046075981,21.81902902431,Hinckley and Bosworth,E12000004,East Midlands,20-25%,3.68252048068456,13.461,-0.442,0,0,0.082,0,232,8,203,7,228,8
30/07/2020,E07000071,Colchester,ALL,ALL,7070,192523,36161,156362,33169,38.9935799878456,17.2316902396077,Colchester,E12000006,East of England,15-20%,3.67228850578892,16.778,-0.13,0.95,2.86,0.099,0.95,181,6,158,5,184,6
30/07/2020,E09000006,Bromley,ALL,ALL,12145,331096,67817,263279,57786,40.0222231618624,17.4548572015367,Bromley,E12000007,London,15-20%,3.66812042428782,14.163,-0.908,0.51,0,0.091,4.57,223,8,280,9,207,7
30/07/2020,E06000008,Blackburn with Darwen,ALL,ALL,5455,148942,34491,114451,21543,37.0245800378671,14.4675188999745,Blackburn with Darwen,E12000002,North West,15% or less,3.66249949644828,36.013,1.049,36.26,50.55,0.212,32.97,9,1,10,1,10,1
30/07/2020,E07000061,Eastbourne,ALL,ALL,3760,103160,17813,85347,25720,43.9136487010469,24.9317128732067,Eastbourne,E12000008,South East,20-25%,3.64482357502908,22.11,0.038,6.56,1.64,0.141,4.92,114,4,128,5,91,3
30/07/2020,E07000095,Broxbourne,ALL,ALL,3520,96876,19633,77243,17305,39.9235827243074,17.8677536231884,Broxbourne,E12000006,East of England,15-20%,3.63351087988769,17.989,-0.693,0,0,0.108,0,164,6,256,9,161,6
30/07/2020,E07000065,Wealden,ALL,ALL,5815,160175,27428,132747,41533,45.1650444825972,25.9311858904323,Wealden,E12000008,South East,25% or more,3.63040424535664,12.311,-0.97,0,0,0.073,0,252,8,289,10,255,9
30/07/2020,E07000125,Rossendale,ALL,ALL,2570,70895,13906,56989,13068,40.7724663234361,18.4323393751322,Rossendale,E12000002,North West,15-20%,3.62507934268989,24.062,0.344,13.95,11.63,0.145,11.63,92,3,80,3,80,3
30/07/2020,E08000026,Coventry,ALL,ALL,13295,366785,71590,295195,49968,35.9006338863367,13.6221494881197,Coventry,E12000005,West Midlands,15% or less,3.62473928868411,25.613,0.367,14.36,12.82,0.154,15.9,78,3,76,3,68,3
30/07/2020,E07000153,Kettering,ALL,ALL,3665,101266,20839,80427,18643,40.1694843284024,18.4080698358778,Kettering,E12000004,East Midlands,15-20%,3.61918116643296,19.23,0.051,7.02,7.02,0.113,7.02,144,5,125,4,144,5
30/07/2020,E09000016,Havering,ALL,ALL,9315,257810,51778,206032,46436,39.7996935727862,18.009708312323,Havering,E12000007,London,15-20%,3.61312594546371,16.789,-0.538,0.67,0,0.108,2.67,180,6,223,8,162,6
30/07/2020,E06000014,York,ALL,ALL,7560,209893,32742,177151,38290,39.7545034851091,18.2348277455656,York,E12000003,Yorkshire and The Humber,15-20%,3.60183522080298,11.727,-0.316,0.83,0.83,0.072,0,267,9,187,6,259,9
30/07/2020,E08000003,Manchester,ALL,ALL,19655,547627,111066,436561,50967,33.1945083058359,9.30691255179164,Manchester,E12000002,North West,15% or less,3.5891217927531,40.005,1.198,43.26,52.13,0.219,39.36,6,1,5,1,8,1
30/07/2020,E07000105,Ashford,ALL,ALL,4640,129281,26758,102523,24971,40.5521925108871,19.3235487039859,Ashford,E12000008,South East,15-20%,3.58908114881537,18.546,-0.473,1.28,0,0.11,3.85,158,5,209,7,150,5
30/07/2020,E07000155,South Northamptonshire,ALL,ALL,3320,92515,17636,74879,18946,42.2630600443171,20.476040642058,South Northamptonshire,E12000004,East Midlands,20-25%,3.58860725287791,7.652,-1.042,0,0,0.049,0,312,10,294,10,314,10
30/07/2020,E07000087,Fareham,ALL,ALL,4165,116339,19590,96749,27214,43.8490016245627,23.3857090055785,Fareham,E12000008,South East,20-25%,3.5800548397356,9.019,-0.838,0,0,0.056,0,298,10,270,9,302,10
30/07/2020,E07000129,Blaby,ALL,ALL,3590,100421,19066,81355,20390,41.631929576483,20.3011262584519,Blaby,E12000004,East Midlands,20-25%,3.57494946276177,10.629,-0.497,0,0,0.069,0,282,9,215,7,268,9
30/07/2020,E07000215,Tandridge,ALL,ALL,3115,87496,16911,70585,18140,42.1579843649996,20.7314597238731,Tandridge,E12000008,South East,20-25%,3.56016275029716,11.896,-0.654,0,0,0.063,0,262,9,247,8,285,9
30/07/2020,E06000054,Wiltshire,ALL,ALL,17685,498064,94516,403548,105837,42.3015475922773,21.2521396848598,Wiltshire,E12000009,South West,20-25%,3.55074849818497,13.447,-0.587,0.35,0,0.078,0.35,233,8,235,8,241,8
,W06000022,Newport,ALL,,5440,153302,31410,121892,26468,39.2688158014899,17.2600103064539,Newport,W92000004,Wales,15-20%,3.54855122568525,,,,,,,,,,,,
30/07/2020,E07000216,Waverley,ALL,ALL,4455,125610,25096,100514,27514,42.3908048722235,21.9072764907253,Waverley,E12000008,South East,20-25%,3.54669214234536,7.494,-0.917,0,0,0.054,0,313,10,282,9,307,10
30/07/2020,E07000036,Erewash,ALL,ALL,4095,115490,20782,94708,23387,41.9566023032297,20.2513213265218,Erewash,E12000004,East Midlands,20-25%,3.54576153779548,18.818,0.007,5.48,2.74,0.12,6.85,153,5,131,5,133,5
30/07/2020,E07000229,Worthing,ALL,ALL,3880,110025,19546,90479,24630,43.1445126107703,22.392058168598,Worthing,E12000008,South East,20-25%,3.52647125653261,17.012,-0.085,0,3.08,0.101,0,175,6,150,5,179,6
30/07/2020,E07000134,North West Leicestershire,ALL,ALL,3600,102126,18751,83375,20367,41.730656248164,19.9317832873118,North West Leicestershire,E12000004,East Midlands,15-20%,3.52505728218084,14.573,-0.169,3.45,0,0.09,3.45,214,7,164,6,210,7
30/07/2020,E06000024,North Somerset,ALL,ALL,7535,213919,38863,175056,50947,43.5425511525391,23.8178497468668,North Somerset,E12000009,South West,20-25%,3.52236126758259,15.825,-0.263,5.93,5.19,0.101,5.93,196,7,180,6,180,6
30/07/2020,E07000213,Spelthorne,ALL,ALL,3495,99334,19531,79803,18459,40.8590210803954,18.5823212595889,Spelthorne,E12000008,South East,15-20%,3.51843276219623,14.943,-0.56,0,0,0.079,0,208,7,229,8,234,8
30/07/2020,E07000226,Crawley,ALL,ALL,3955,112448,24677,87771,15048,37.3553998292544,13.3776750142288,Crawley,E12000008,South East,15% or less,3.5171812749004,18.94,-0.082,1.52,0,0.11,1.52,149,5,149,5,152,5
30/07/2020,E06000035,Medway,ALL,ALL,9765,277855,57907,219948,44209,38.4861276565115,15.9081492145184,Medway,E12000008,South East,15-20%,3.51442299040867,23.936,0.075,8.59,4.29,0.134,8.59,93,3,119,4,103,4
30/07/2020,E07000107,Dartford,ALL,ALL,3855,109709,24240,85469,15651,37.6507214540284,14.2684656682679,Dartford,E12000008,South East,15% or less,3.51384116161846,18.812,-0.247,1.72,0,0.095,1.72,154,5,174,6,198,7
30/07/2020,E06000030,Swindon,ALL,ALL,7795,221996,45407,176589,35174,39.2479008630786,15.8437647525181,Swindon,E12000009,South West,15-20%,3.51132452836988,18.622,0.007,9.09,6.06,0.109,6.06,157,5,132,5,153,5
30/07/2020,E07000228,Mid Sussex,ALL,ALL,5255,149716,29429,120287,30496,41.8658460017633,20.3670309118598,Mid Sussex,E12000008,South East,20-25%,3.50997889337145,7.747,-1.227,0,0,0.053,0,311,10,305,10,312,10
30/07/2020,E07000102,Three Rivers,ALL,ALL,3265,93045,19032,74013,16891,40.5961309044011,18.162221505723,Three Rivers,E12000006,East of England,15-20%,3.50905475845021,9.871,-1.106,0,0,0.071,0,291,10,300,10,263,9
30/07/2020,E07000032,Amber Valley,ALL,ALL,4440,126678,21319,105359,27977,43.2850850187089,22.0860654573012,Amber Valley,E12000004,East Midlands,20-25%,3.50494955714489,17.97,0.114,3.85,5.13,0.109,3.85,166,6,111,4,155,5
30/07/2020,E07000098,Hertsmere,ALL,ALL,3650,104205,22183,82022,18941,40.0418214097212,18.1749503382755,Hertsmere,E12000006,East of England,15-20%,3.50271100235113,13.938,-0.668,1.61,0,0.089,1.61,227,8,250,8,211,7
30/07/2020,E07000199,Tamworth,ALL,ALL,2680,76678,14898,61780,14336,40.4416390620517,18.6959310362816,Tamworth,E12000005,West Midlands,15-20%,3.49513550170844,21.061,0.27,7.84,7.84,0.126,7.84,126,4,90,3,118,4
30/07/2020,E08000021,Newcastle upon Tyne,ALL,ALL,10485,300196,52167,248029,43227,36.7359191994564,14.4015030180282,Newcastle upon Tyne,E12000001,North East,15% or less,3.49271809084731,29.79,0.815,25.71,36,0.178,28,41,2,26,1,36,2
30/07/2020,E07000068,Brentwood,ALL,ALL,2670,76550,14295,62255,15561,41.9489222730242,20.3298236446767,Brentwood,E12000006,East of England,20-25%,3.48791639451339,10.007,-1.059,0,0,0.064,0,288,10,296,10,282,9
30/07/2020,E06000022,Bath and North East Somerset,ALL,ALL,6700,192106,32023,160083,36260,39.8228373918566,18.8742668110314,Bath and North East Somerset,E12000009,South West,15-20%,3.48765785555891,11.745,-0.668,1.74,0.87,0.079,0.87,265,9,251,8,238,8
30/07/2020,E06000055,Bedford,ALL,ALL,5975,171623,36022,135601,30229,39.7153003968,17.6135063482167,Bedford,E12000006,East of England,15-20%,3.48146810159477,18.932,-0.119,3.88,6.8,0.114,3.88,150,5,155,5,141,5
30/07/2020,E07000222,Warwick,ALL,ALL,4955,142484,24518,117966,26680,40.3200990988462,18.7269040734398,Warwick,E12000005,West Midlands,15-20%,3.47758344796609,12.005,-0.351,0,0,0.07,0,259,9,192,7,266,9
30/07/2020,E07000227,Horsham,ALL,ALL,4935,142217,25877,116340,31981,43.3562935514038,22.492839815212,Horsham,E12000008,South East,20-25%,3.4700492908724,9.89,-0.894,0,0,0.056,0,290,10,277,9,306,10
30/07/2020,E09000033,Westminster,ALL,ALL,8855,255324,42869,212455,31353,37.4663643057449,12.2777243815701,Westminster,E12000007,London,15% or less,3.468142438627,20.339,-0.855,2.34,0.78,0.135,10.94,137,5,272,9,101,4
30/07/2020,E07000164,Hambleton,ALL,ALL,3160,91134,14683,76451,23597,45.5173590537012,25.891794500406,Hambleton,E12000003,Yorkshire and The Humber,25% or more,3.46742159896416,11.987,-0.789,0,0,0.067,0,260,9,267,9,276,9
30/07/2020,E07000126,South Ribble,ALL,ALL,3820,110527,20232,90295,23358,42.2414704099451,21.138114668814,South Ribble,E12000002,North West,20-25%,3.45616908085807,15.33,0.093,4.29,4.29,0.091,4.29,204,7,115,4,208,7
30/07/2020,E07000028,Carlisle,ALL,ALL,3740,108387,19218,89169,23363,42.6386190225765,21.5515670698516,Carlisle,E12000002,North West,20-25%,3.45059831898659,21.997,0.335,5.88,16.18,0.116,5.88,117,4,81,3,139,5
30/07/2020,E07000239,Wyre Forest,ALL,ALL,3470,101062,17532,83530,24814,43.8300746076666,24.559863252261,Wyre Forest,E12000005,West Midlands,20-25%,3.43353584928064,22.437,-0.058,6.15,1.54,0.127,4.62,109,4,143,5,113,4
30/07/2020,E09000029,Sutton,ALL,ALL,7015,204525,43410,161115,31149,38.7459821537709,15.230521941083,Sutton,E12000007,London,15-20%,3.4298985454101,13.987,-0.57,0.83,0,0.095,2.48,226,8,232,8,197,7
30/07/2020,E09000025,Newham,ALL,ALL,12060,352005,78645,273360,26229,32.8022471271715,7.45113336458289,Newham,E12000007,London,15% or less,3.42608769761793,29.577,-0.03,2.44,0.61,0.169,4.27,43,2,135,5,44,2
30/07/2020,E07000243,Stevenage,ALL,ALL,3005,87754,18221,69533,13341,38.6367231123368,15.2037103721768,Stevenage,E12000006,East of England,15-20%,3.42434532898785,19.695,-0.094,0,0,0.122,0,140,5,153,5,128,5
30/07/2020,E07000084,Basingstoke and Deane,ALL,ALL,6005,175729,35364,140365,30241,40.021419344559,17.2091316743395,Basingstoke and Deane,E12000008,South East,15-20%,3.41719351956706,12.823,-0.52,0,0,0.071,0,243,8,217,7,262,9
30/07/2020,E07000078,Cheltenham,ALL,ALL,3995,117090,20676,96414,22519,40.7769322743189,19.2354530702878,Cheltenham,E12000009,South West,15-20%,3.41190537193612,14.26,-0.167,2.67,2.67,0.091,4,219,7,163,6,206,7
30/07/2020,E07000130,Charnwood,ALL,ALL,6190,182643,30982,151661,33041,39.6648051116112,18.0962555367575,Charnwood,E12000004,East Midlands,15-20%,3.38912523337878,13.238,-0.451,2.02,1.01,0.084,2.02,236,8,205,7,222,7
30/07/2020,E09000008,Croydon,ALL,ALL,13050,385346,85414,299932,52154,37.477962662127,13.5370358067814,Croydon,E12000007,London,15% or less,3.38656687755939,22.477,-0.174,2.27,0.45,0.136,6.36,108,4,165,6,97,4
30/07/2020,E07000235,Malvern Hills,ALL,ALL,2645,78113,12491,65622,21826,46.4450603612715,27.9472379757531,Malvern Hills,E12000005,West Midlands,25% or more,3.3861201080486,16.066,-0.603,2.22,0,0.092,4.44,192,7,240,8,204,7
30/07/2020,E09000027,Richmond upon Thames,ALL,ALL,6655,196904,41451,155453,30749,39.3846950798359,15.6183058749441,Richmond upon Thames,E12000007,London,15-20%,3.37981960752448,9.425,-1.373,0,0,0.064,0,295,10,311,10,283,9
30/07/2020,E07000131,Harborough,ALL,ALL,3095,92499,17009,75490,20173,43.0838495551303,21.8085600925415,Harborough,E12000004,East Midlands,20-25%,3.34598211872561,8.015,-1.084,0,0,0.056,0,309,10,299,10,305,10
30/07/2020,E06000018,Nottingham,ALL,ALL,11050,331069,62140,268929,38200,34.4276419719152,11.5343798422685,Nottingham,E12000004,East Midlands,15% or less,3.33767281140789,34.891,0.861,30.77,30.22,0.199,30.22,11,1,18,1,17,1
30/07/2020,E06000051,Shropshire,ALL,ALL,10675,320274,52856,267418,77788,44.3762715674704,24.2900394662071,Shropshire,E12000005,West Midlands,20-25%,3.3330835472127,17.153,-0.348,1.04,0,0.096,1.55,174,6,191,7,193,7
30/07/2020,E07000110,Maidstone,ALL,ALL,5655,169955,33832,136123,32563,40.6551734282604,19.160855520579,Maidstone,E12000008,South East,15-20%,3.32735135771234,16.503,-0.49,2.11,0,0.095,2.11,185,6,213,7,199,7
30/07/2020,E08000031,Wolverhampton,ALL,ALL,8705,262008,55471,206537,43446,38.5831730328845,16.5805185337852,Wolverhampton,E12000005,West Midlands,15-20%,3.32241763610271,32.102,0.607,20.89,9.49,0.211,29.75,24,1,48,2,11,1
30/07/2020,E06000036,Bracknell Forest,ALL,ALL,4040,121676,25277,96399,17592,38.5670797856603,14.4590346493968,Bracknell Forest,E12000008,South East,15% or less,3.32029323777902,10.241,-0.907,0,0,0.068,0,286,10,278,9,271,9
30/07/2020,E06000043,Brighton and Hove,ALL,ALL,9635,290395,45376,245019,38504,37.6001652921021,13.2570099347441,Brighton and Hove,E12000008,South East,15% or less,3.31789459184903,20.761,0.097,9.09,10.3,0.123,9.09,131,5,114,4,126,4
30/07/2020,E07000196,South Staffordshire,ALL,ALL,3720,112126,17537,94589,27238,44.6295060913615,24.2902359845174,South Staffordshire,E12000005,West Midlands,20-25%,3.31769616324492,13.124,-0.484,0,0,0.086,0,239,8,211,7,217,7
30/07/2020,E07000181,West Oxfordshire,ALL,ALL,3640,109800,20364,89436,23615,42.5370127504554,21.5069225865209,West Oxfordshire,E12000008,South East,20-25%,3.31511839708561,8.684,-0.924,0,0,0.059,0,300,10,283,9,292,10
30/07/2020,E09000028,Southwark,ALL,ALL,10515,317256,59472,257784,26367,34.8165235645662,8.30999382202385,Southwark,E12000007,London,15% or less,3.3143581208866,25.811,0.112,3.01,1.2,0.162,7.83,72,3,112,4,54,2
30/07/2020,E07000133,Melton,ALL,ALL,1690,51100,9033,42067,11526,43.5900587084149,22.5505322896282,Melton,E12000004,East Midlands,20-25%,3.30724070450098,12.532,-0.574,0,0,0.072,0,249,8,234,8,260,9
30/07/2020,E07000210,Mole Valley,ALL,ALL,2885,87253,15624,71629,20322,44.0658315473393,23.2868004538526,Mole Valley,E12000008,South East,20-25%,3.30647656814092,9.511,-0.867,0,0,0.054,0,293,10,273,9,309,10
30/07/2020,E07000236,Redditch,ALL,ALL,2805,84989,17023,67966,15450,39.9590417583452,18.1785019237784,Redditch,E12000005,West Midlands,15-20%,3.30042711409712,22.524,0.362,9.09,9.09,0.124,3.64,107,4,77,3,122,4
30/07/2020,E07000172,Broxtowe,ALL,ALL,3730,113272,19430,93842,23807,42.1333074369659,21.0171586976481,Broxtowe,E12000004,East Midlands,20-25%,3.29295854226993,14.238,-0.286,0,0,0.097,2.82,220,7,184,6,191,7
30/07/2020,E09000014,Haringey,ALL,ALL,8910,270624,54407,216217,27326,35.771753429112,10.0966928284262,Haringey,E12000007,London,15% or less,3.29239091876552,27.956,-0.128,9.66,0.69,0.17,13.1,49,2,157,5,42,2
30/07/2020,E08000029,Solihull,ALL,ALL,7070,214909,42004,172905,45226,41.7276521690576,21.0468533193119,Solihull,E12000005,West Midlands,20-25%,3.28976450497653,17.37,-0.256,11.94,5.97,0.108,13.43,171,6,178,6,158,5
30/07/2020,E07000039,South Derbyshire,ALL,ALL,3425,104493,19702,84791,19084,40.79321102849,18.2634453982563,South Derbyshire,E12000004,East Midlands,15-20%,3.27773152268573,14.494,-0.176,0,1.72,0.083,0,215,7,166,6,225,8
30/07/2020,E07000092,Rushmoor,ALL,ALL,3115,95142,19025,76117,13829,38.3817241596771,14.5396502070589,Rushmoor,E12000008,South East,15% or less,3.27405352000168,15.903,-0.126,0,3.45,0.104,3.45,193,7,156,5,171,6
30/07/2020,E07000211,Reigate and Banstead,ALL,ALL,4835,147757,30381,117376,26721,40.4200613168919,18.0866436107934,Reigate and Banstead,E12000008,South East,15-20%,3.27226459660118,11.276,-0.671,0,0,0.067,0,275,9,252,8,275,9
30/07/2020,E07000093,Test Valley,ALL,ALL,4080,125169,23536,101633,26992,42.548690170889,21.5624132173302,Test Valley,E12000008,South East,20-25%,3.25959303022314,11.931,-0.736,0,0,0.066,0,261,9,260,9,277,9
30/07/2020,E07000008,Cambridge,ALL,ALL,4095,125758,21361,104397,16122,35.5322762766584,12.8199549929229,Cambridge,E12000006,East of England,15% or less,3.25625407528746,14.855,-0.505,0,1.45,0.077,0,210,7,216,7,244,8
30/07/2020,E07000096,Dacorum,ALL,ALL,5015,154280,31408,122872,26479,39.9644088669951,17.1644477573243,Dacorum,E12000006,East of England,15-20%,3.25058335493907,13.004,-0.743,0,0,0.085,0,241,8,262,9,220,7
30/07/2020,E07000214,Surrey Heath,ALL,ALL,2885,88874,17020,71854,17351,41.7232486441479,19.5255271507978,Surrey Heath,E12000008,South East,15-20%,3.24616873326282,8.066,-0.95,0,0,0.054,0,308,10,284,9,311,10
30/07/2020,E06000044,Portsmouth,ALL,ALL,6975,215133,39928,175205,30259,36.8784751758215,14.0647390219074,Portsmouth,E12000008,South East,15% or less,3.24218041862476,26.899,0.27,12,10.4,0.134,9.6,59,2,91,3,104,4
30/07/2020,E07000195,Newcastle-under-Lyme,ALL,ALL,4195,129490,21140,108350,26362,41.5305583442737,20.3577442273535,Newcastle-under-Lyme,E12000005,West Midlands,20-25%,3.23963240404665,18.929,0.312,2.5,6.25,0.108,1.25,151,5,83,3,160,6
30/07/2020,E07000077,Uttlesford,ALL,ALL,2875,89179,17717,71462,17382,41.5705042666996,19.4928985523498,Uttlesford,E12000006,East of England,15-20%,3.22385314928402,9.258,-1.308,0,0,0.054,0,297,10,309,10,310,10
30/07/2020,E07000070,Chelmsford,ALL,ALL,5705,177079,33853,143226,33879,40.9223566882578,19.1378413024695,Chelmsford,E12000006,East of England,15-20%,3.22172589635135,12.221,-0.85,0,0,0.077,0.93,253,8,271,9,246,8
30/07/2020,E07000124,Ribble Valley,ALL,ALL,1930,60057,10302,49755,14154,44.3264065804153,23.5697853705646,Ribble Valley,E12000002,North West,20-25%,3.21361373361973,10.594,-0.454,0,0,0.057,0,283,9,208,7,300,10
30/07/2020,E07000187,Mendip,ALL,ALL,3680,114881,20750,94131,26478,43.4498219897111,23.0516830459345,Mendip,E12000009,South West,20-25%,3.20331473437731,16.6,-0.254,1.52,1.52,0.099,3.03,184,6,177,6,185,6
30/07/2020,E07000208,Epsom and Ewell,ALL,ALL,2560,79928,16501,63427,14652,40.2363126814133,18.3264513061756,Epsom and Ewell,E12000008,South East,15-20%,3.2028825943349,8.833,-1.138,0,0,0.056,0,299,10,303,10,301,10
30/07/2020,E07000234,Bromsgrove,ALL,ALL,3155,98662,17816,80846,22168,43.2068374855568,22.4640692465184,Bromsgrove,E12000005,West Midlands,20-25%,3.19778638178833,11.697,-0.481,0,1.72,0.073,0,268,9,210,7,258,9
30/07/2020,E06000020,Telford and Wrekin,ALL,ALL,5665,177799,36536,141263,30241,39.19966366515,17.0099781213618,Telford and Wrekin,E12000005,West Midlands,15-20%,3.1861821495059,24.988,0.446,16.67,16.67,0.156,17.59,86,3,64,2,63,2
30/07/2020,E07000094,Winchester,ALL,ALL,3960,124295,23045,101250,26288,41.8199364415302,21.146286656744,Winchester,E12000008,South East,20-25%,3.18596886439519,9.615,-1.061,0,0,0.058,0,292,10,297,10,295,10
30/07/2020,E07000106,Canterbury,ALL,ALL,5235,164553,26127,138426,33574,40.2937655345086,20.3978152935528,Canterbury,E12000008,South East,20-25%,3.18134582778801,16.798,-0.177,2.22,1.11,0.1,0,179,6,167,6,183,6
30/07/2020,E07000177,Cherwell,ALL,ALL,4745,149161,29791,119370,26959,40.4203980933354,18.0749042980404,Cherwell,E12000008,South East,15-20%,3.18112643385335,14.41,-0.387,0,2.15,0.076,0,217,7,195,7,250,8
30/07/2020,E09000023,Lewisham,ALL,ALL,9635,303536,62539,240997,28481,35.3883328501397,9.38387703600232,Lewisham,E12000007,London,15% or less,3.17425280691582,26.661,0.067,2.96,0.59,0.164,5.92,63,2,120,4,50,2
30/07/2020,E07000118,Chorley,ALL,ALL,3705,116821,21567,95254,23015,41.629878189709,19.7037339177032,Chorley,E12000002,North West,15-20%,3.17151881939035,16.863,0.179,4.55,12.12,0.102,3.03,177,6,101,4,177,6
30/07/2020,E06000015,Derby,ALL,ALL,8130,257174,53993,203181,41876,38.2055923227076,16.2815661769852,Derby,E12000004,East Midlands,15-20%,3.1612838000731,26.323,0.526,15.89,18.54,0.158,17.88,67,3,58,2,59,2
30/07/2020,E07000086,Eastleigh,ALL,ALL,4160,131819,25338,106481,25677,41.229033750825,19.4778999992414,Eastleigh,E12000008,South East,15-20%,3.1558424809777,10.192,-0.786,0,0,0.066,0,287,10,266,9,279,9
30/07/2020,E07000212,Runnymede,ALL,ALL,2775,88000,15276,72724,14863,39.2201022727273,16.8894647727273,Runnymede,E12000008,South East,15-20%,3.15340909090909,12.012,-0.78,0,0,0.066,0,257,9,265,9,278,9
30/07/2020,E07000220,Rugby,ALL,ALL,3375,107194,21578,85616,20361,40.6179357053566,18.9946107058231,Rugby,E12000005,West Midlands,15-20%,3.14849711737597,14.119,-0.395,0,0,0.087,0,224,8,198,7,214,7
30/07/2020,E09000003,Barnet,ALL,ALL,12325,392140,84064,308076,56221,37.6297699801092,14.3358474014383,Barnet,E12000007,London,15% or less,3.14301014943643,16.148,-1.074,0.47,0,0.111,1.42,190,6,298,10,149,5
30/07/2020,E07000179,South Oxfordshire,ALL,ALL,4400,140504,26952,113552,29322,42.1920016511985,20.8648529579229,South Oxfordshire,E12000008,South East,20-25%,3.13158344246427,8.459,-1.24,0,0,0.054,0,302,10,306,10,308,10
30/07/2020,E07000115,Tonbridge and Malling,ALL,ALL,4075,130508,26653,103855,24537,40.6602966867931,18.8034166487878,Tonbridge and Malling,E12000008,South East,15-20%,3.12241395163515,13.333,-0.734,0,0,0.08,0,234,8,259,9,232,8
30/07/2020,E08000025,Birmingham,ALL,ALL,35630,1141374,259815,881559,147944,35.3189471636817,12.9605997683494,Birmingham,E12000005,West Midlands,15% or less,3.12167615523045,38.067,0.67,41.31,21.6,0.222,39.75,7,1,37,2,7,1
30/07/2020,E06000023,"Bristol, City of",ALL,ALL,14400,463405,85677,377728,59950,35.9287059915193,12.9373785349748,"Bristol, City of",E12000009,South West,15% or less,3.10743302294969,26.363,0.322,15.59,12.93,0.141,12.93,65,3,82,3,92,3
30/07/2020,E07000209,Guildford,ALL,ALL,4575,147889,26255,121634,24482,38.9195207216223,16.5533974805428,Guildford,E12000008,South East,15-20%,3.09353636849259,9.395,-0.968,0,0,0.057,0,296,10,288,10,297,10
30/07/2020,E07000217,Woking,ALL,ALL,3110,101167,21652,79515,17238,39.7559579704845,17.0377000405271,Woking,E12000008,South East,15-20%,3.074124961697,10.804,-0.655,0,0,0.067,0,279,9,248,8,273,9
30/07/2020,E07000176,Rushcliffe,ALL,ALL,3615,117671,21857,95814,24700,42.2228756448063,20.9910088297032,Rushcliffe,E12000004,East Midlands,20-25%,3.0721248225986,7.18,-1.135,0,0,0.059,0,314,10,302,10,293,10
30/07/2020,E09000021,Kingston upon Thames,ALL,ALL,5365,175470,35455,140015,24185,37.5903231321593,13.7861298227617,Kingston upon Thames,E12000007,London,15% or less,3.05750270701544,11.381,-0.963,0,0,0.078,1.02,273,9,287,10,242,8
30/07/2020,E09000024,Merton,ALL,ALL,6245,206186,43205,162981,26003,37.1496124858138,12.6119062399969,Merton,E12000007,London,15% or less,3.02881863948086,14.649,-0.615,0,0,0.1,1.61,213,7,243,8,181,6
30/07/2020,E07000116,Tunbridge Wells,ALL,ALL,3530,118054,23819,94235,22609,41.2455910007285,19.148819184441,Tunbridge Wells,E12000008,South East,15-20%,2.9901570467752,11.31,-0.877,0,0,0.073,0,274,9,274,9,256,9
30/07/2020,E07000152,East Northamptonshire,ALL,ALL,2780,93906,17864,76042,19554,42.0606457521351,20.8153579111026,East Northamptonshire,E12000004,East Midlands,20-25%,2.96040721572636,13.897,-0.492,0,0,0.084,0,228,8,214,7,224,8
30/07/2020,E06000017,Rutland,ALL,ALL,1175,39697,6689,33008,9878,44.2529410282893,24.875728644482,Rutland,E12000004,East Midlands,20-25%,2.95992140464015,8.381,-1.048,0,0,0.056,0,303,10,295,10,303,10
30/07/2020,E09000011,Greenwich,ALL,ALL,8425,286186,62996,223190,29780,35.2307031091668,10.4051504965302,Greenwich,E12000007,London,15% or less,2.94388963820732,24.464,-0.021,0.66,0.66,0.159,5.96,88,3,134,5,57,2
30/07/2020,E09000026,Redbridge,ALL,ALL,8940,303858,68478,235380,38022,36.2190167775737,12.5155500266572,Redbridge,E12000007,London,15% or less,2.94216377386806,17.203,-0.74,0,0,0.121,1.86,173,6,261,9,132,5
30/07/2020,E07000123,Preston,ALL,ALL,4160,141818,28749,113069,20835,37.2564554569942,14.6969136498893,Preston,E12000002,North West,15% or less,2.93333709402192,29.531,0.758,18.6,27.91,0.162,20.93,45,2,28,1,56,2
30/07/2020,E07000180,Vale of White Horse,ALL,ALL,3915,133732,25780,107952,26764,41.4480378667783,20.0059641671403,Vale of White Horse,E12000008,South East,20-25%,2.927496784614,8.358,-1.122,0,0,0.057,0,305,10,301,10,296,10
30/07/2020,E07000166,Richmondshire,ALL,ALL,1540,53244,9016,44228,11234,42.3470437983623,21.0975039441064,Richmondshire,E12000003,Yorkshire and The Humber,20-25%,2.89234467733454,12.135,-0.667,0,0,0.059,0,256,9,249,8,291,10
30/07/2020,E09000010,Enfield,ALL,ALL,9605,333869,76366,257503,43903,36.7119828435704,13.1461501367303,Enfield,E12000007,London,15% or less,2.87687685888777,25.781,-0.535,5.46,0,0.171,13.11,74,3,222,7,41,2
30/07/2020,E07000207,Elmbridge,ALL,ALL,3920,136626,30504,106122,24985,40.5077803639132,18.2843712031385,Elmbridge,E12000008,South East,15-20%,2.86914642893739,7.944,-1.478,0,0,0.057,0,310,10,313,10,299,10
30/07/2020,E09000019,Islington,ALL,ALL,6855,239142,38156,200986,21003,34.57734735011,8.78311923459702,Islington,E12000007,London,15% or less,2.86649772938254,27.535,0.274,4.88,0.81,0.179,10.57,53,2,89,3,35,2
30/07/2020,E09000022,Lambeth,ALL,ALL,9235,325917,56875,269042,26920,34.9061969765308,8.26413227907719,Lambeth,E12000007,London,15% or less,2.83354350954384,25.422,0.148,0,2.25,0.153,4.49,81,3,103,4,70,3
30/07/2020,E07000041,Exeter,ALL,ALL,3695,130428,20195,110233,20766,37.8086990523507,15.9318727573834,Exeter,E12000009,South West,15-20%,2.83298064832705,16.215,-0.09,0,4.05,0.095,0,189,6,151,5,195,7
30/07/2020,E06000031,Peterborough,ALL,ALL,5660,201041,46601,154440,29510,37.1661352659408,14.6761332265558,Peterborough,E12000006,East of England,15% or less,2.81534612342756,27.821,0.413,14.29,8.04,0.156,10.71,51,2,70,3,64,2
30/07/2020,E07000237,Worcester,ALL,ALL,2855,101891,18662,83229,17298,39.2468814713763,16.9692386962538,Worcester,E12000005,West Midlands,15-20%,2.80201391683269,20.414,0.038,12.7,7.94,0.117,14.29,135,5,127,4,138,5
30/07/2020,E07000138,Lincoln,ALL,ALL,2760,99039,16498,82541,15049,37.1997293995295,15.1904542654914,Lincoln,E12000004,East Midlands,15-20%,2.78678096507436,26.889,0.653,17.54,28.07,0.155,14.04,60,2,41,2,67,3
30/07/2020,E07000240,St Albans,ALL,ALL,4100,147373,33105,114268,25026,39.5211198794895,16.9764800879401,St Albans,E12000006,East of England,15-20%,2.78205641467569,8.339,-1.31,0,0,0.06,0,306,10,310,10,290,10
30/07/2020,E06000038,Reading,ALL,ALL,4525,163203,33876,129327,20020,35.8687769219929,12.2710740611386,Reading,E12000008,South East,15% or less,2.77262060133699,19.619,-0.034,5.15,1.03,0.114,3.09,141,5,137,5,140,5
30/07/2020,E09000031,Waltham Forest,ALL,ALL,7645,276700,61086,215614,29346,35.4308203830864,10.608427900253,Waltham Forest,E12000007,London,15% or less,2.76292013010481,25.209,-0.161,2.08,0,0.152,6.94,82,3,162,6,72,3
30/07/2020,E06000039,Slough,ALL,ALL,4090,149112,39076,110036,14856,34.2212699179141,9.96555139760717,Slough,E12000008,South East,15% or less,2.74290466226729,22.965,0.147,0,1.25,0.126,0,103,4,104,4,119,4
30/07/2020,E06000040,Windsor and Maidenhead,ALL,ALL,4085,150906,30577,120329,28032,40.7894715915868,18.5825739201887,Windsor and Maidenhead,E12000008,South East,15-20%,2.70698315507667,8.376,-1.033,0,0,0.058,0,304,10,290,10,294,10
30/07/2020,E07000103,Watford,ALL,ALL,2615,96767,21593,75174,12651,36.9484224994058,13.068114129817,Watford,E12000006,East of England,15% or less,2.702367542654,15.41,-0.406,0,0,0.092,0,203,7,200,7,203,7
30/07/2020,E09000032,Wandsworth,ALL,ALL,8745,326474,58924,267550,31004,35.2066198227118,9.49992985658889,Wandsworth,E12000007,London,15% or less,2.67862065585621,16.611,-0.388,0,0,0.107,1.68,183,6,196,7,167,6
30/07/2020,E06000037,West Berkshire,ALL,ALL,4215,158527,31643,126884,29919,41.0893097074946,18.8680010345241,West Berkshire,E12000008,South East,15-20%,2.65885306603922,9.952,-0.888,0,0,0.064,0,289,10,275,9,281,9
30/07/2020,E06000041,Wokingham,ALL,ALL,4360,167979,35443,132536,29521,40.1328916114514,17.5754249043035,Wokingham,E12000008,South East,15-20%,2.59556254055567,5.846,-1.545,0,0,0.044,0,316,10,315,10,315,10
30/07/2020,E09000007,Camden,ALL,ALL,6750,262226,45782,216444,31168,36.3012668461556,11.8833811292549,Camden,E12000007,London,15% or less,2.57411545765866,20.131,-0.556,0,0,0.141,8.27,138,5,227,8,90,3
30/07/2020,E09000030,Tower Hamlets,ALL,ALL,8175,317705,64615,253090,19931,32.1039108607041,6.2741178136951,Tower Hamlets,E12000007,London,15% or less,2.57314175099542,27.913,0.195,1.39,1.39,0.192,15.28,50,2,98,4,23,1
30/07/2020,E07000178,Oxford,ALL,ALL,3720,154327,27249,127078,18767,34.6834124942492,12.1670316924453,Oxford,E12000008,South East,15% or less,2.4104660882412,16.707,-0.271,1.2,1.2,0.093,0,182,6,183,6,201,7
